FIRE_YEAR,IGNITN_DT,LATITUDE,LONGITUDE,CURRENT_SZ
2025,2025-08-23,53.004,-122.5136,0.6
2025,2025-06-10,53.8388,-123.191,0.3
2025,2025-04-11,52.1159,-123.2478,0.9
2025,2025-04-02,51.939,-123.0076,0.927
2025,2025-04-02,51.9376,-123.0265,0.6
2025,2025-04-02,51.9441,-123.0702,0.5
2025,2025-08-10,53.8116,-123.3266,0.12
2025,2025-06-03,55.7533,-121.2901,0.2
2025,2025-05-22,56.595,-120.772,0.2
2025,2025-07-16,52.5188,-118.8503,0.009
2025,2025-08-27,49.7022,-119.8658,0.15
2025,2025-10-06,52.1015,-123.5631,0.11
2025,2025-05-05,51.6324,-121.2909,0.04
2025,2025-06-09,49.7625,-123.1331,59.5
2025,2025-05-13,52.4617,-125.372,2.24
2025,2025-06-09,52.4688,-125.28,0.03
2025,2025-04-05,56.2807,-120.7,0.5
2025,2025-06-02,55.7127,-121.3775,0.32
2025,2025-07-02,49.3608,-121.4815,1.5
2025,2025-11-11,52.0997,-122.1656,0.009
2025,2025-05-04,55.6232,-122.2676,0.5
2025,2025-05-04,55.6292,-122.0766,0.009
2025,2025-05-04,55.5262,-122.5,0.009
2025,2025-08-04,49.2505,-119.6978,0.009
2025,2025-09-06,49.778,-117.4676,0.1
2025,2025-07-13,48.7732,-123.7319,0.76
2025,2025-07-13,48.7775,-123.7293,0.009
2025,2025-07-06,49.228,-124.7492,0.2
2025,2025-11-05,54.0809,-122.989,0.2
2025,2025-09-17,49.2615,-124.7729,0.009
2025,2025-05-11,57.8001,-122.8876,0.16
2025,2025-05-07,49.0778,-124.0592,0.009
2025,2025-06-10,49.0752,-123.9095,0.02
2025,2025-07-18,49.2377,-124.7942,0.05
2025,2025-06-19,49.6698,-116.8208,0.01
2025,2025-03-01,56.6803,-121.4943,8.0
2025,2025-05-26,54.3591,-124.1915,2.39
2025,2025-05-20,56.5915,-120.8561,1.5
2025,2025-09-13,53.0737,-119.6579,0.59
2025,2025-09-05,50.2434,-119.0997,67.0
2025,2025-05-05,57.836,-123.1431,0.04
2025,2025-04-02,56.146,-121.7332,0.81
2025,2025-09-17,52.0597,-121.9556,13.7
2025,2025-08-12,52.4081,-125.6499,58.1
2025,2025-05-13,56.3386,-120.7318,0.009
2025,2025-07-01,53.1328,-119.5055,23.1
2025,2025-04-26,54.3,-125.8252,0.3
2025,2025-08-25,50.8753,-120.2159,1.84
2025,2025-07-06,49.9569,-119.346,4.9
2025,2025-07-17,49.0527,-119.7093,0.009
2025,2025-07-16,49.5482,-123.9307,0.95
2025,2025-09-21,50.0588,-120.6518,0.22
2025,2025-06-16,50.0055,-125.5615,0.77
2025,2025-05-29,50.0328,-120.8584,0.009
2025,2025-07-16,50.9206,-120.0028,0.009
2025,2025-04-28,50.4812,-122.6053,0.1
2025,2025-09-02,49.2975,-119.188,0.005
2025,2025-08-18,50.4843,-121.7009,0.009
2025,2025-06-08,49.778,-124.2928,0.71
2025,2025-10-17,49.0185,-116.0438,0.6
2025,2025-05-09,52.8467,-122.4509,0.009
2025,2025-09-17,53.1842,-119.921,0.009
2025,2025-07-02,49.8923,-120.906,0.5
2025,2025-08-11,49.1252,-124.7763,3518.0
2025,2025-08-17,50.0626,-123.1055,0.009
2025,2025-07-24,56.7042,-131.1393,0.18
2025,2025-07-02,54.0257,-124.9519,0.009
2025,2025-05-05,52.1167,-122.0104,0.009
2025,2025-07-01,50.3705,-121.6674,242.59
2025,2025-05-24,52.8693,-118.5292,0.5
2025,2025-07-27,49.9771,-120.9058,0.075
2025,2025-05-28,49.4493,-115.7626,0.01
2025,2025-04-22,49.4845,-119.522,0.2
2025,2025-05-28,56.6375,-121.6568,1.03
2025,2025-05-02,55.0846,-121.1575,37.5
2025,2025-04-14,56.7988,-122.1182,2.9
2025,2025-07-09,53.405,-120.4119,0.009
2025,2025-06-08,55.7232,-121.4125,5.3
2025,2025-09-03,55.4269,-121.7002,14.0
2025,2025-04-26,49.9249,-120.4738,0.6
2025,2025-06-22,50.4659,-120.2714,0.7
2025,2025-05-28,49.5708,-115.512,0.009
2025,2025-05-27,50.3236,-120.3379,0.009
2025,2025-06-05,49.0666,-115.2329,0.009
2025,2025-06-29,50.2688,-119.091,0.009
2025,2025-11-11,50.2597,-119.9533,0.009
2025,2025-09-11,56.1137,-120.8471,0.009
2025,2025-08-16,58.3072,-128.6476,0.003
2025,2025-10-17,49.9099,-115.8351,0.009
2025,2025-10-18,49.8389,-119.7115,0.009
2025,2025-04-07,56.9503,-130.2636,0.009
2025,2025-04-25,49.8509,-119.6953,0.1
2025,2025-04-17,49.7581,-123.9665,0.3
2025,2025-05-24,53.3407,-120.3439,0.95
2025,2025-08-30,49.342,-119.7322,0.009
2025,2025-08-10,55.6129,-121.9463,0.009
2025,2025-04-10,50.5534,-121.2981,0.009
2025,2025-09-02,54.0863,-121.8613,0.009
2025,2025-06-08,54.1191,-125.3466,0.009
2025,2025-06-13,49.0167,-118.4233,1.12
2025,2025-04-11,55.6044,-122.3094,0.009
2025,2025-06-17,50.1375,-120.9684,0.009
2025,2025-04-16,49.0905,-119.013,0.3
2025,2025-07-02,49.6115,-115.8549,0.59
2025,2025-05-14,53.1165,-119.75,0.009
2025,2025-07-16,49.8804,-120.6295,1.51
2025,2025-09-15,55.0538,-128.2386,0.009
2025,2025-10-13,49.9403,-119.5063,0.64
2025,2025-06-18,53.0973,-122.6224,0.009
2025,2025-06-12,50.4158,-122.7031,0.21
2025,2025-07-09,50.174,-120.1421,0.009
2025,2025-04-05,55.8122,-121.6722,0.4
2025,2025-04-18,49.0825,-120.6948,0.37
2025,2025-06-08,53.7528,-125.9446,0.6
2025,2025-08-28,52.9766,-119.3696,0.2
2025,2025-06-08,55.3783,-127.6896,0.56
2025,2025-06-08,53.9946,-126.1702,0.009
2025,2025-09-14,54.1334,-125.3583,0.009
2025,2025-05-31,50.2702,-117.7882,0.1
2025,2025-09-26,56.8393,-120.4083,0.5
2025,2025-04-27,50.3322,-126.017,0.1
2025,2025-08-30,52.444,-120.8502,2331.25
2025,2025-08-26,50.2929,-117.9484,0.009
2025,2025-09-04,49.2792,-117.8665,108.0
2025,2025-07-31,53.1983,-122.4939,1.9
2025,2025-09-04,49.0813,-117.197,0.14
2025,2025-05-03,49.6232,-125.2579,0.009
2025,2025-09-05,49.8693,-118.3387,0.009
2025,2025-08-24,51.4787,-119.008,25.9
2025,2025-06-09,49.9456,-125.5442,3.73
2025,2025-07-11,54.9955,-120.8743,0.009
2025,2025-04-25,50.1464,-115.9825,0.009
2025,2025-09-09,49.2152,-124.6753,0.009
2025,2025-07-02,48.6577,-124.2155,5.36
2025,2025-07-23,53.0436,-125.3313,6.87
2025,2025-07-26,49.8603,-125.503,0.2
2025,2025-04-24,49.4841,-125.1236,0.001
2025,2025-05-01,49.6006,-121.8368,0.05
2025,2025-06-10,49.1687,-124.4344,5.35
2025,2025-09-12,49.9019,-119.7004,0.1
2025,2025-07-04,49.1769,-124.3055,0.009
2025,2025-05-06,51.1009,-119.6714,0.009
2025,2025-09-02,49.1939,-116.2472,450.0
2025,2025-07-08,49.4421,-119.994,0.2
2025,2025-05-30,52.0924,-122.986,6.0
2025,2025-06-18,49.1499,-118.3309,2.5
2025,2025-07-09,53.3793,-123.7594,0.6
2025,2025-08-27,51.6142,-118.109,3.6
2025,2025-06-03,50.504,-115.981,0.009
2025,2025-09-16,51.0474,-120.277,3.01
2025,2025-10-12,48.8527,-123.8104,0.009
2025,2025-09-25,51.1675,-118.9839,1.75
2025,2025-07-16,51.5834,-122.709,0.009
2025,2025-07-05,49.0943,-121.4862,0.009
2025,2025-08-27,50.1228,-125.3897,0.009
2025,2025-05-01,49.4866,-117.5752,0.92
2025,2025-04-15,52.4663,-122.4406,3.1
2025,2025-04-30,56.0126,-120.0371,3.84
2025,2025-04-27,54.2112,-125.7112,2.0
2025,2025-04-20,55.0988,-128.1355,2.33
2025,2025-09-20,55.2627,-122.9435,0.01
2025,2025-05-01,52.2094,-121.8472,3.7
2025,2025-05-08,55.6931,-121.522,2.0
2025,2025-05-08,50.9781,-119.179,0.6
2025,2025-05-07,50.1132,-120.2851,0.8
2025,2025-05-04,49.9627,-119.7069,0.2
2025,2025-10-16,49.5612,-121.087,28.5
2025,2025-05-08,48.6486,-123.8332,0.81
2025,2025-10-12,54.728,-126.7847,0.38
2025,2025-04-18,49.7071,-124.511,0.3
2025,2025-04-18,56.527,-122.6953,12.3
2025,2025-04-25,50.5408,-116.2599,1.12
2025,2025-05-01,51.8244,-121.4924,1.19
2025,2025-04-21,53.2254,-119.9878,0.009
2025,2025-08-22,52.2067,-122.2687,1.19
2025,2025-08-10,49.6747,-125.5398,0.09
2025,2025-08-27,52.7258,-119.2326,0.009
2025,2025-04-18,51.6517,-120.1186,0.33
2025,2025-05-29,49.2859,-121.8277,1.3
2025,2025-07-25,50.4579,-127.5162,1.41
2025,2025-07-17,54.1588,-122.9371,0.009
2025,2025-09-21,50.3014,-120.8002,0.009
2025,2025-08-21,49.8983,-121.4469,0.7
2025,2025-08-31,49.0247,-122.818,0.09
2025,2025-07-31,55.4023,-127.5838,0.009
2025,2025-09-27,50.3076,-119.3828,13.25
2025,2025-07-08,49.1009,-121.768,0.009
2025,2025-06-11,50.1276,-123.7839,0.3
2025,2025-08-28,51.7953,-121.4979,0.08
2025,2025-05-05,50.3862,-121.3897,0.1
2025,2025-09-13,49.5741,-123.9463,6.3
2025,2025-08-01,49.7143,-119.5199,0.009
2025,2025-09-03,49.3007,-124.5385,0.03
2025,2025-04-30,55.5541,-120.6841,0.0
2025,2025-04-30,55.5427,-120.699,0.0
2025,2025-04-30,55.5295,-120.7347,0.87
2025,2025-04-30,55.5365,-120.7134,267.0
2025,2025-04-30,55.5783,-120.595,5.0
2025,2025-06-08,53.8001,-126.6141,1001.0
2025,2025-08-30,50.6572,-120.3475,0.009
2025,2025-07-06,49.7591,-124.1365,0.09
2025,2025-04-25,54.9181,-127.2969,0.3
2025,2025-08-28,55.0968,-128.0039,0.3
2025,2025-08-01,49.4351,-117.3843,0.009
2025,0212-01-12,50.1574,-125.2546,0.15
2025,2025-04-28,54.0931,-125.0204,0.2
2025,2025-04-28,54.3943,-126.0282,0.009
2025,2025-09-25,49.7716,-114.8868,0.3
2025,2025-09-17,53.1702,-122.4903,0.2
2025,2025-07-16,49.9335,-124.6856,0.6
2025,2025-05-13,55.2236,-127.4373,0.1
2025,2025-08-02,52.38,-126.0905,0.009
2025,2025-08-20,49.6199,-117.0541,0.3
2025,2025-07-08,54.1057,-125.3545,0.009
2025,2025-08-30,50.9361,-118.431,0.009
2025,2025-08-25,50.2444,-121.0925,0.1
2025,2025-07-06,49.2929,-124.2307,0.09
2025,2025-08-01,51.5524,-121.1897,0.009
2025,2025-10-14,52.2966,-121.5313,1.59
2025,2025-08-30,49.603,-124.9867,0.009
2025,2025-07-29,56.287,-120.781,0.009
2025,2025-06-15,49.0816,-123.8966,0.05
2025,2025-04-27,49.8342,-123.1179,4.36
2025,2025-06-26,50.6658,-120.3312,3.07
2025,2025-06-07,49.2057,-125.1871,19.8
2025,2025-07-28,50.1477,-121.5797,1472.0
2025,2025-07-11,49.8151,-119.7586,0.009
2025,2025-09-29,58.6261,-123.7017,0.009
2025,2025-08-02,52.6353,-125.5443,9.2
2025,2025-07-16,50.229,-122.9562,0.1
2025,2025-09-21,52.153,-121.9107,0.009
2025,2025-09-17,49.3381,-124.9172,0.009
2025,2025-09-13,48.8411,-123.4558,0.009
2025,2025-10-01,50.1711,-120.6708,0.009
2025,2025-07-13,48.4654,-124.1511,0.44
2025,2025-08-03,54.8379,-127.1568,0.76
2025,2025-06-14,50.7627,-120.6081,2.23
2025,2025-07-30,57.8666,-131.2832,0.1
2025,2025-08-22,54.6967,-127.0554,0.009
2025,2025-04-16,54.8417,-128.3417,0.009
2025,2025-07-14,49.7555,-124.5659,0.01
2025,2025-06-16,50.0647,-123.3382,0.009
2025,2025-10-15,50.2884,-125.5706,0.009
2025,2025-10-10,52.4545,-125.6096,0.015
2025,2025-04-21,48.5451,-123.5785,0.009
2025,2025-09-11,52.0554,-121.9032,0.009
2025,2025-08-02,51.2226,-121.4756,0.009
2025,2025-07-30,53.0514,-131.752,0.05
2025,2025-04-19,48.4042,-123.7271,0.33
2025,2025-04-03,55.0164,-127.3164,0.6
2025,2025-05-14,55.3788,-127.6649,5.8
2025,2025-07-03,49.7571,-124.6125,0.009
2025,2025-04-27,54.0026,-125.7143,0.04
2025,2025-04-11,56.3088,-120.7694,0.2
2025,2025-04-23,53.0867,-124.4939,3.3
2025,2025-04-24,53.9708,-125.7873,1.15
2025,2025-05-07,56.4347,-121.1603,3.2
2025,2025-03-31,54.9301,-128.8848,0.009
2025,2025-02-07,56.3757,-121.3215,0.009
2025,2026-03-22,49.038,-118.4922,3.83
2025,2025-04-27,55.7892,-121.0221,109.0
2025,2025-08-03,52.4067,-122.3164,0.02
2025,2025-04-27,50.6761,-121.807,0.3
2025,2025-04-25,54.8877,-128.396,5.0
2025,2025-09-23,49.518,-123.7619,0.8
2025,2026-03-10,50.1373,-120.8707,10.9
2025,2025-06-25,53.9053,-128.8511,0.009
2025,2025-04-11,55.7893,-120.2196,0.5
2025,2025-08-30,55.5785,-122.378,0.009
2025,2025-04-03,52.6806,-122.4498,1.15
2025,2025-05-02,51.9397,-122.5067,0.3
2025,2025-08-04,57.839,-131.3878,0.001
2025,2026-03-24,50.503,-121.269,0.4
2025,2025-05-03,52.988,-123.8414,0.009
2025,2025-07-24,53.1113,-125.1012,0.98
2025,2025-06-06,57.8556,-123.0307,0.038
2025,2025-04-24,53.0318,-124.7699,9.5
2025,2026-03-23,50.0321,-120.8619,0.75
2025,2025-04-21,51.3993,-124.0642,3.0
2025,2025-05-27,56.4944,-122.1153,5.0
2025,2025-06-06,49.2563,-119.7014,0.5
2025,2025-05-09,56.151,-121.7262,0.5
2025,2025-09-12,48.8374,-124.1128,0.1
2025,2025-04-22,50.0346,-120.8455,0.009
2025,2025-07-26,49.4693,-123.5033,0.01
2025,2025-07-21,49.6429,-125.1147,5.6
2025,2025-05-24,48.8426,-123.756,0.009
2025,2025-10-17,49.9246,-119.5207,0.1
2025,2025-09-05,50.7391,-120.0017,0.009
2025,2025-08-13,49.873,-119.6413,0.15
2025,2025-08-13,49.8731,-119.6411,0.1
2025,2025-08-22,52.0911,-122.1439,0.009
2025,2025-08-19,52.3813,-125.1852,0.9
2025,2025-05-08,49.654,-116.9481,2.3
2025,2025-07-17,49.0758,-119.5038,2.4
2025,2025-10-20,53.7808,-124.2868,1.75
2025,2025-10-20,53.7587,-124.2946,0.3
2025,2025-06-27,49.7934,-124.6238,0.009
2025,2025-04-11,49.1999,-118.9937,0.009
2025,2025-04-18,49.6508,-123.9648,2.75
2025,2025-07-02,50.181,-119.5074,1.75
2025,2025-04-07,55.8885,-120.8736,1.7
2025,2025-09-06,50.4187,-115.8637,0.009
2025,2025-08-15,49.9011,-120.9039,0.009
2025,2025-08-20,49.9581,-120.9119,0.71
2025,2025-08-15,49.9043,-120.9043,0.009
2025,2025-09-06,50.2061,-125.5365,0.18
2025,2025-08-10,49.7874,-120.6458,0.7
2025,2025-08-29,49.485,-121.2503,0.1
2025,2025-09-10,48.6293,-123.8002,0.009
2025,2025-06-17,51.4857,-117.1883,0.009
2025,2025-07-18,49.0808,-121.9803,0.009
2025,2025-12-02,52.4751,-119.1354,0.01
2025,2025-05-26,50.5076,-121.2867,0.2
2025,2025-06-12,49.0944,-119.7127,0.3
2025,2025-08-17,50.757,-120.8889,0.009
2025,2025-06-02,49.162,-115.2825,0.025
2025,2025-05-23,49.4716,-124.8039,0.009
2025,2025-07-30,54.8694,-128.3714,0.009
2025,2025-08-14,49.0485,-119.0414,0.6
2025,2025-08-17,50.7985,-121.1075,1.0
2025,2025-04-17,50.1468,-117.5995,0.009
2025,2025-06-29,49.5922,-123.9854,0.03
2025,2025-08-27,49.9573,-120.9125,0.1
2025,2025-09-17,52.3295,-122.2569,0.4
2025,2025-06-08,49.8405,-120.6194,0.3
2025,2025-08-24,49.4867,-124.8197,0.009
2025,2025-12-21,50.5537,-119.3397,0.009
2025,2025-06-29,50.2317,-120.4707,1.0
2025,2025-08-21,49.8402,-119.3299,0.02
2025,2025-07-24,49.8769,-124.4929,0.03
2025,2025-08-11,49.0624,-119.5353,10.1
2025,2025-01-01,50.6415,-126.9356,0.009
2025,2025-07-24,49.5963,-119.5595,0.16
2025,2025-07-27,50.1245,-125.3932,0.009
2025,2025-09-06,49.01,-121.7801,0.009
2025,2025-10-13,49.5397,-121.9109,0.09
2025,2025-04-29,49.1567,-119.53,0.009
2025,2025-07-30,50.0955,-121.562,0.009
2025,2025-05-08,53.9403,-123.9501,0.4
2025,2025-09-16,54.0898,-122.9864,0.2
2025,2025-06-02,50.6198,-121.8482,0.6
2025,2025-05-07,54.081,-124.1709,0.5
2025,2025-04-21,50.1211,-124.8423,0.13
2025,2025-04-08,50.8128,-121.5736,4.93
2025,2025-06-16,50.2076,-119.2689,0.009
2025,2025-09-07,49.3027,-124.3033,0.009
2025,2025-09-20,50.5217,-115.9955,0.009
2025,2025-04-25,49.5871,-115.6762,0.009
2025,2025-07-06,50.6687,-120.2995,0.23
2025,2025-06-27,50.6781,-120.35,0.1
2025,2025-09-10,49.8998,-119.4171,0.009
2025,2025-07-24,49.0158,-118.502,0.3
2025,2025-06-09,49.5478,-115.7382,0.1
2025,2025-08-31,48.4411,-124.1011,0.009
2025,2025-07-16,49.3255,-117.6791,0.009
2025,2025-08-17,49.3351,-117.6811,0.03
2025,2025-07-28,52.1317,-122.0978,0.009
2025,2025-07-12,49.249,-124.6714,0.001
2025,2025-05-02,52.7298,-119.2407,0.04
2025,2025-10-17,53.4372,-122.5658,0.009
2025,2025-07-29,49.4568,-121.7644,224.0
2025,2025-09-26,50.5131,-116.0552,0.01
2025,2025-05-24,50.6685,-120.3804,0.65
2025,2025-07-08,49.092,-122.2061,0.1
2025,2025-04-05,51.9507,-122.5012,0.1
2025,2025-10-09,52.4582,-125.5786,0.04
2025,2025-04-11,51.945,-123.1279,0.009
2025,2025-04-11,51.9148,-123.0854,0.1
2025,2025-10-10,52.4514,-125.6146,0.2
2025,2025-10-10,52.4548,-125.6106,0.04
2025,2025-05-04,50.0742,-120.7438,0.009
2025,2025-08-23,55.7095,-121.3141,0.009
2025,2025-09-26,50.4514,-116.0152,0.1
2025,2025-05-02,52.0856,-123.1503,556.75
2025,2025-04-28,52.4595,-125.3017,0.009
2025,2025-08-06,55.0556,-125.4992,0.009
2025,2025-09-29,50.4824,-115.9383,0.009
2025,2025-07-18,49.7014,-121.4041,2.5
2025,2025-08-29,52.0114,-123.1737,0.3
2025,2025-05-02,52.121,-123.234,30.7
2025,2025-05-02,52.1051,-123.2484,8.71
2025,2025-09-09,53.9644,-122.9601,0.07
2025,2025-04-02,51.9582,-123.1409,0.921
2025,2025-06-09,50.36,-118.0301,0.3
2025,2025-06-08,56.6446,-121.8301,5.21
2025,2025-07-12,54.0468,-124.941,0.009
2025,2025-06-04,55.7145,-121.3751,60.0
2025,2025-06-02,55.7529,-121.29,0.3
2025,2025-04-05,51.9679,-123.1476,0.3
2025,2025-10-15,56.7589,-122.016,0.009
2025,2025-09-27,49.1419,-119.2131,0.3
2025,2025-09-21,56.1765,-120.8173,0.78
2025,2025-11-23,49.679,-124.4657,0.009
2025,2025-09-23,53.5176,-125.7511,0.009
2025,2025-09-21,56.558,-121.7702,0.36
2025,2025-08-02,50.1371,-120.5019,0.59
2025,2025-08-23,49.6188,-121.3959,111.0
2025,2025-08-19,50.2387,-121.5803,0.009
2025,2025-06-10,54.0155,-124.0427,0.88
2025,2025-05-09,50.4786,-121.3026,0.86
2025,2025-09-17,52.882,-119.3021,0.009
2025,2025-08-19,50.3964,-121.3865,0.3
2025,2025-06-04,50.7139,-120.5714,0.53
2025,2025-04-23,50.3991,-115.927,0.01
2025,2025-05-09,49.9259,-120.2975,0.009
2025,2025-05-02,50.9741,-118.6063,0.009
2025,2025-10-01,49.9765,-118.0811,0.01
2025,2025-09-19,49.4755,-115.7606,0.009
2025,2025-07-04,49.5321,-123.2931,0.009
2025,2025-11-16,49.929,-124.5868,0.002
2025,2025-06-12,49.9951,-119.3347,0.009
2025,2025-08-04,48.8113,-124.0248,0.08
2025,2025-06-09,50.6186,-120.4478,0.15
2025,2025-09-03,54.2999,-122.6685,0.01
2025,2025-10-28,49.4687,-119.4959,0.009
2025,2025-08-26,50.081,-119.4338,0.009
2025,2025-10-13,49.7898,-119.3775,0.009
2025,2025-10-09,49.7529,-116.3847,0.009
2025,2025-04-18,55.644,-121.582,48.9
2025,2025-05-07,56.5879,-122.4237,0.32
2025,2025-08-30,51.9304,-124.8202,0.1
2025,2025-04-01,50.1614,-120.5853,0.2
2025,2025-05-01,56.2727,-120.8344,47.1
2025,2025-06-08,56.3708,-120.7322,0.02
2025,2025-04-08,55.618,-121.8655,7.1
2025,2025-05-06,50.9134,-119.6164,0.009
2025,2025-04-03,49.018,-119.7292,0.009
2025,2025-05-07,51.8828,-120.8304,0.65
2025,2025-04-27,51.5931,-122.0929,1.55
2025,2025-04-25,56.5012,-122.0931,31.9
2025,2025-04-25,50.1375,-120.8621,1.2
2025,2025-05-29,56.1459,-121.7401,1.1
2025,2025-05-02,56.1464,-121.7289,0.5
2025,2024-12-15,56.0662,-120.6374,0.2
2025,2025-08-30,50.0462,-121.5393,0.009
2025,2025-04-30,53.7167,-124.7732,0.009
2025,2025-08-01,58.5174,-122.6934,0.009
2025,2025-09-05,51.4275,-116.9844,0.009
2025,2025-08-23,49.6008,-115.8681,0.1
2025,2025-07-01,52.3024,-122.2037,0.1
2025,2025-04-24,50.031,-116.9048,0.009
2025,2025-05-30,51.0805,-116.6986,0.01
2025,2025-04-13,54.0462,-124.8847,0.1
2025,2025-06-07,55.1288,-121.007,0.51
2025,2025-06-08,54.0199,-124.2856,0.2
2025,2025-07-01,52.9684,-119.3422,0.009
2025,2025-09-07,49.4343,-118.409,0.82
2025,2025-07-30,53.0561,-121.6049,12.5
2025,2025-06-11,49.0154,-118.9705,0.009
2025,2025-08-01,49.0271,-118.8022,0.009
2025,2025-07-30,55.4515,-124.9545,8.97
2025,2025-07-31,53.1353,-123.7195,4.58
2025,2025-08-06,51.5617,-122.6936,0.01
2025,2025-08-31,50.4635,-120.8368,0.5
2025,2025-09-09,49.187,-120.5327,0.1
2025,2025-08-29,49.5912,-120.2566,0.4
2025,2025-08-29,49.8626,-120.724,0.009
2025,2025-08-30,50.256,-120.8415,0.009
2025,2025-09-08,49.4059,-120.8413,0.009
2025,2025-08-30,49.354,-120.9062,0.009
2025,2025-09-15,49.3103,-120.462,0.009
2025,2025-09-02,49.7033,-120.9892,0.009
2025,2025-08-31,49.7668,-120.7645,0.1
2025,2025-08-31,49.7452,-120.805,0.009
2025,2025-08-16,54.3686,-126.2632,0.01
2025,2025-06-23,53.1103,-125.276,0.009
2025,2025-09-04,51.9365,-118.0672,0.2
2025,2025-08-28,50.0899,-117.7585,0.009
2025,2025-06-18,52.3534,-120.9006,0.009
2025,2025-07-01,52.4874,-122.0841,0.009
2025,2025-07-31,53.8852,-124.6554,397.59
2025,2025-08-02,53.4262,-122.9108,0.009
2025,2025-07-31,53.7169,-121.0368,0.009
2025,2025-08-29,50.2921,-122.6405,0.009
2025,2025-08-30,49.7967,-122.9755,0.009
2025,2025-09-05,50.094,-117.439,0.5
2025,2025-07-02,59.009,-122.8596,0.009
2025,2025-07-30,50.8963,-120.2035,0.1
2025,2025-08-02,49.8612,-120.6975,0.3
2025,2025-10-01,49.1672,-117.3924,0.01
2025,2025-09-24,51.0208,-119.4514,0.009
2025,2025-08-15,50.2446,-120.2736,0.009
2025,2025-08-24,51.7594,-120.6783,0.01
2025,2025-07-26,48.4685,-124.063,0.009
2025,2025-09-28,49.3182,-122.7628,0.009
2025,2025-06-13,54.7707,-127.0959,0.009
2025,2026-03-16,49.4341,-119.7054,0.3
2025,2025-04-24,50.6026,-120.1303,0.009
2025,2025-09-20,49.8325,-125.6155,0.03
2025,2025-07-23,52.2003,-122.2765,0.009
2025,2025-06-05,49.9723,-119.3657,0.5
2025,2025-08-26,50.5454,-118.9516,0.3
2025,2025-04-25,50.2094,-116.0191,0.3
2025,2025-08-30,49.4854,-123.2384,0.009
2025,2025-07-14,48.4474,-123.6818,1.2
2025,2025-06-08,49.2884,-124.5864,0.009
2025,2025-06-07,56.1685,-122.3822,0.009
2025,2025-09-21,49.7776,-119.4551,0.009
2025,2025-07-12,49.8618,-121.4499,0.01
2025,2025-09-01,52.4068,-122.3147,0.009
2025,2025-09-09,56.205,-121.701,1.77
2025,2025-09-27,59.8346,-123.3294,0.009
2025,2025-09-07,55.7385,-121.4303,0.5
2025,2025-09-08,59.8478,-128.682,0.009
2025,2025-10-01,56.292,-121.0798,0.5
2025,2025-09-14,52.0563,-121.9035,0.009
2025,2025-05-27,51.4992,-120.7661,0.3
2025,2025-04-17,54.6211,-126.847,0.34
2025,2025-07-03,49.8835,-124.4812,0.66
2025,2025-10-19,50.0664,-119.4218,0.009
2025,2025-07-20,50.3278,-122.6657,0.009
2025,2025-06-17,49.315,-121.8718,0.1
2025,2025-09-27,49.7543,-123.0789,0.009
2025,2025-10-06,49.8516,-115.7113,0.009
2025,2025-05-25,52.8081,-122.4677,0.009
2025,2025-05-05,48.3329,-123.7071,0.6
2025,2025-05-24,49.8496,-124.4448,0.009
2025,2025-06-27,49.1641,-124.0396,0.009
2025,2025-05-12,48.6358,-123.8086,0.009
2025,2025-09-26,51.9134,-122.1196,0.009
2025,2025-08-10,49.8922,-124.5413,0.99
2025,2025-06-10,49.8781,-118.1299,0.009
2025,2025-07-27,49.081,-124.071,2.24
2025,2025-05-04,49.7218,-122.9924,4.0
2025,2025-05-02,53.7564,-122.4053,2.1
2025,2025-10-15,49.9246,-119.5207,0.2
2025,2025-07-21,49.079,-124.052,3.0
2025,2025-04-26,51.5013,-120.8214,1.68
2025,2025-06-17,49.5688,-123.9313,0.3
2025,2025-05-02,55.7987,-121.9064,33.4
2025,2025-09-21,55.662,-120.3642,0.009
2025,2025-04-02,54.3818,-126.5978,0.009
2025,2025-07-08,49.3835,-119.7654,0.009
2025,2025-07-19,49.5434,-121.7872,3.4
2025,2025-04-09,51.4018,-121.9799,2.1
2025,2025-06-04,49.3099,-119.5655,4.0
2025,2025-06-02,50.1826,-125.495,0.009
2025,2025-08-22,49.7399,-119.7646,0.009
2025,2025-08-10,49.8661,-119.2778,2.56
2025,2025-07-30,49.7999,-119.6878,57.0
2025,2025-06-07,49.7692,-125.1381,0.009
2025,2025-04-16,49.5477,-119.6394,0.1
2025,2025-05-17,55.7008,-121.5972,0.18
2025,2025-08-05,49.4841,-119.6031,0.1
2025,2025-09-22,51.7815,-120.7197,0.009
2025,2025-08-24,49.3981,-121.3176,0.009
2025,2025-08-22,49.3684,-119.6029,0.27
2025,2025-07-19,49.0845,-119.5942,0.009
2025,2025-10-16,49.7967,-119.3938,0.009
2025,2025-07-28,49.4414,-121.2833,0.1
2025,2025-08-26,49.7451,-119.7614,1.4
2025,2025-07-29,50.1199,-122.9351,0.009
2025,2025-04-26,49.7597,-123.092,0.009
2025,2025-05-10,49.9247,-125.2296,3.43
2025,2025-07-28,52.131,-122.0991,0.009
2025,2025-07-26,49.3445,-120.582,0.009
2025,2025-05-01,49.7849,-119.551,0.009
2025,2025-08-28,56.2843,-121.2263,0.009
2025,2025-07-31,53.9767,-122.9118,0.009
2025,2025-07-01,49.1127,-119.7277,0.6
2025,2026-03-18,49.1942,-119.4882,0.98
2025,2025-04-09,50.8814,-120.9916,2.0
2025,2025-04-21,50.8847,-121.4748,1.65
2025,2025-04-17,50.0248,-120.8817,1.1
2025,2025-06-08,53.9443,-124.1133,0.2
2025,2025-04-25,49.1049,-119.745,0.9
2025,2025-08-02,52.0402,-123.1773,4.2
2025,2025-04-06,50.2058,-120.4683,0.15
2025,2025-04-26,50.1051,-120.2818,51.0
2025,2025-05-08,53.9449,-124.104,0.6
2025,2026-03-16,50.0172,-120.8916,0.3
2025,2025-05-03,49.959,-121.4827,0.2
2025,2025-09-20,49.2461,-117.2591,0.6
2025,2025-02-08,52.9921,-122.5565,0.3
2025,2025-04-24,56.7294,-121.8238,0.64
2025,2025-05-02,53.4324,-122.6019,80.0
2025,2025-05-08,56.477,-121.0024,0.009
2025,2025-07-11,49.2201,-119.9735,1.0
2025,2025-05-02,49.4851,-119.099,0.32
2025,2025-08-28,56.2378,-120.2741,0.002
2025,2025-09-19,49.7198,-120.214,2.0
2025,2025-06-05,49.6188,-115.623,0.009
2025,2025-05-09,50.489,-122.5843,0.009
2025,2025-04-25,51.3102,-120.1579,18.2
2025,2025-05-15,53.1181,-119.7409,0.009
2025,2025-04-10,49.2665,-119.5817,2.55
2025,2025-07-18,52.0305,-123.1833,0.1
2025,2025-05-02,56.4502,-120.7938,0.8
2025,2025-04-25,54.0912,-125.7246,0.29
2025,2025-05-05,49.2296,-117.6658,0.47
2025,2025-04-22,55.7206,-120.0637,0.49
2025,2025-04-14,49.683,-116.8328,0.02
2025,2025-04-30,51.2076,-120.106,0.2
2025,2025-04-02,55.7641,-120.6916,3.1
2025,2025-05-03,56.0133,-120.0718,4.59
2025,2025-04-24,49.4974,-117.2755,0.063
2025,2025-04-25,56.7312,-121.8209,0.009
2025,2025-06-08,55.5749,-121.3252,15.0
2025,2025-05-03,56.0124,-120.0392,2.0
2025,2025-08-02,52.417,-121.9985,0.009
2025,2025-08-29,49.9072,-123.0887,0.01
2025,2025-08-30,53.3262,-120.3633,0.009
2025,2025-06-12,50.7748,-120.9078,0.009
2025,2025-07-02,59.2204,-123.7208,0.26
2025,2025-07-31,52.8761,-124.4986,0.009
2025,2025-08-04,51.0132,-119.9735,0.009
2025,2025-08-06,50.8954,-121.4075,0.009
2025,2025-08-31,49.1705,-124.3205,0.02
2025,2025-08-29,50.3024,-122.8363,0.009
2025,2025-08-28,50.2885,-122.9214,0.009
2025,2025-09-01,49.8734,-122.5413,2.6
2025,2025-07-21,51.9596,-122.6825,0.009
2025,2025-09-07,49.0284,-118.3366,0.009
2025,2025-07-30,53.0434,-123.5309,879.8
2025,2025-06-22,54.1111,-125.0617,0.009
2025,2025-07-03,59.0188,-123.011,0.02
2025,2025-07-30,54.1303,-125.2468,0.03
2025,2025-08-29,50.2674,-122.4153,0.009
2025,2025-09-08,49.3689,-120.3496,0.009
2025,2025-08-29,49.6618,-120.73,0.009
2025,2025-08-29,49.6575,-120.7337,0.009
2025,2025-08-29,49.6866,-120.7516,0.009
2025,2025-09-07,49.3478,-120.2969,0.009
2025,2025-09-01,49.353,-120.911,762.0
2025,2025-08-30,50.3553,-120.9085,0.009
2025,2025-07-31,51.884,-117.975,0.1
2025,2025-07-02,49.967,-116.9398,0.009
2025,2025-08-01,53.7124,-124.4609,0.3
2025,2025-07-30,55.0276,-122.7225,0.8
2025,2025-07-30,54.8642,-125.4547,0.009
2025,2025-07-31,53.9525,-124.8232,0.009
2025,2025-08-29,53.1184,-121.3664,122.0
2025,2025-08-29,50.2644,-123.6074,1155.3
2025,2025-06-30,53.0974,-124.8754,0.45
2025,2025-08-16,53.4278,-123.8746,0.02
2025,2025-08-28,50.2506,-122.9177,0.009
2025,2025-08-29,52.3866,-124.4072,5411.71
2025,2025-07-16,51.1514,-118.1971,0.009
2025,2025-07-31,49.6382,-125.3124,0.009
2025,2025-08-02,54.4644,-122.0284,0.009
2025,2025-07-31,52.6613,-119.2469,0.009
2025,2025-08-02,54.3269,-122.6575,0.009
2025,2025-09-08,50.7768,-121.9423,0.009
2025,2025-07-01,54.5115,-120.0725,0.3
2025,2025-07-13,53.8753,-122.0164,0.009
2025,2025-07-31,54.6295,-122.5076,0.06
2025,2025-08-28,50.5584,-123.0392,0.009
2025,2025-09-01,50.3336,-120.8803,0.009
2025,2025-08-30,50.209,-122.9435,0.15
2025,2025-07-16,59.0893,-122.0372,0.2
2025,2025-07-31,49.0091,-118.1016,0.1
2025,2025-08-02,50.2542,-120.5845,0.1
2025,2025-08-02,49.3757,-120.633,0.5
2025,2025-08-01,49.5743,-119.715,0.009
2025,2025-08-03,49.6547,-119.7759,0.1
2025,2025-08-03,50.8401,-118.8861,0.009
2025,2025-08-01,51.1078,-118.9621,0.009
2025,2025-08-04,52.0121,-121.6166,0.58
2025,2025-07-30,52.5619,-122.9701,34.1
2025,2025-08-04,50.911,-118.2166,0.1
2025,2025-06-11,49.0192,-118.9724,0.009
2025,2025-07-14,49.946,-120.7649,0.009
2025,2025-07-16,50.9878,-119.1775,0.009
2025,2025-07-16,50.9283,-118.7221,0.009
2025,2025-07-16,50.9541,-118.8714,0.009
2025,2025-06-18,51.0065,-118.2663,0.009
2025,2025-07-30,54.7985,-125.3936,21.09
2025,2025-07-22,49.5087,-121.8881,0.009
2025,2025-05-28,56.1342,-124.5113,14.7
2025,2025-06-30,53.9714,-123.3744,7.3
2025,2025-06-25,49.7785,-117.8596,0.009
2025,2025-06-30,49.5614,-119.1951,0.009
2025,2025-07-05,49.246,-120.3761,0.25
2025,2025-07-05,49.7075,-120.738,0.1
2025,2025-07-22,49.3481,-121.8808,0.009
2025,2025-08-04,50.25,-117.9311,24.2
2025,2025-09-03,49.2041,-118.1004,0.2
2025,2025-08-09,51.7068,-120.5817,50.0
2025,2025-08-02,51.4825,-121.3247,0.009
2025,2025-08-01,54.4671,-123.8132,1.16
2025,2025-08-30,52.8433,-119.237,0.009
2025,2025-08-27,49.2188,-121.2798,1.2
2025,2025-08-28,49.8743,-117.2947,0.1
2025,2025-08-03,49.6476,-117.7849,0.008
2025,2025-07-31,53.6203,-120.8907,0.01
2025,2025-08-27,53.0775,-124.8481,0.0
2025,2025-07-31,53.8702,-124.7744,373.8
2025,2025-08-02,52.9055,-124.7508,0.009
2025,2025-08-02,51.3432,-121.4518,0.06
2025,2025-07-30,49.5564,-117.5897,1.0
2025,2025-08-16,53.5344,-123.8215,0.009
2025,2025-08-30,51.602,-118.394,0.1
2025,2025-08-29,52.0185,-124.713,7789.94
2025,2025-08-31,51.9753,-124.4084,466.4
2025,2025-06-10,55.9173,-123.9448,0.33
2025,2025-08-28,50.5565,-123.0419,0.009
2025,2025-07-01,52.928,-119.3551,0.015
2025,2025-07-31,56.2539,-127.4262,0.009
2025,2025-09-01,51.6498,-123.9533,1.5
2025,2025-08-30,52.4739,-118.7214,0.009
2025,2025-08-31,52.2429,-124.9304,22883.42
2025,2025-07-22,50.8621,-119.7704,0.01
2025,2025-07-15,59.3348,-123.3821,2.0
2025,2025-07-07,59.9233,-124.1242,0.3
2025,2025-07-31,53.6569,-121.1313,0.009
2025,2025-09-08,49.575,-118.8417,0.01
2025,2025-08-27,53.0148,-125.0018,9305.3
2025,2025-07-19,50.7387,-120.7743,0.1
2025,2025-07-19,50.6483,-119.6095,0.009
2025,2025-07-30,58.3713,-123.4774,0.05
2025,2025-07-31,53.9532,-123.1465,0.009
2025,2025-08-13,51.5147,-117.5132,0.1
2025,2025-08-31,50.4526,-120.8848,0.009
2025,2022-09-10,56.0615,-122.3333,0.2
2025,2025-07-02,49.9512,-118.1701,0.03
2025,2025-08-02,54.4078,-124.2565,0.009
2025,2025-07-30,53.0631,-122.9413,0.03
2025,2025-09-09,50.8698,-119.7766,0.009
2025,2025-07-02,59.2157,-123.1633,0.02
2025,2025-07-02,59.3837,-124.0159,0.02
2025,2025-07-02,49.4333,-117.9975,12.48
2025,2025-07-31,52.7851,-124.666,0.09
2025,2025-08-30,52.5913,-118.8645,0.1
2025,2025-08-07,50.4378,-118.0203,0.009
2025,2025-07-24,49.8399,-121.4509,0.009
2025,2025-08-04,51.717,-121.5199,0.1
2025,2025-07-30,52.2683,-122.2874,0.009
2025,2025-08-01,53.8816,-123.9899,0.009
2025,2025-09-07,50.5848,-122.4732,0.009
2025,2025-08-02,52.0419,-122.167,0.009
2025,2025-08-13,51.6711,-121.9044,4.35
2025,2025-07-16,59.5443,-123.0657,0.009
2025,2025-07-31,53.7418,-121.0716,0.009
2025,2025-08-03,52.4,-122.4597,0.009
2025,2025-08-06,50.0542,-123.9872,0.01
2025,2025-08-29,52.1627,-120.7392,873.0
2025,2025-06-08,59.68,-123.8615,0.4
2025,2025-07-16,54.9778,-124.8003,0.009
2025,2025-08-04,49.1624,-118.5058,0.1
2025,2025-08-03,53.0076,-124.4523,0.1
2025,2025-07-17,58.8775,-122.5685,0.009
2025,2025-08-05,51.4875,-118.5111,0.009
2025,2025-09-08,49.4312,-118.4829,250.0
2025,2025-07-31,53.7337,-121.0709,0.009
2025,2025-08-27,52.7185,-124.9403,0.009
2025,2025-08-29,50.2701,-122.8298,0.009
2025,2025-06-13,52.6424,-122.7395,0.6
2025,2025-06-22,54.4568,-126.2477,0.009
2025,2025-06-30,53.6805,-121.1963,0.009
2025,2025-07-31,53.5052,-124.6402,0.009
2025,2025-07-31,53.6686,-123.43,0.009
2025,2025-07-31,54.4401,-125.0972,0.04
2025,2025-08-29,49.7137,-120.7478,1.2
2025,2025-08-02,49.6561,-117.8151,0.009
2025,2025-07-31,50.3761,-120.2841,0.26
2025,2025-08-01,50.0559,-120.6576,0.009
2025,2025-07-31,49.748,-120.5866,0.009
2025,2025-07-31,49.2313,-119.3363,0.009
2025,2025-07-31,49.1451,-119.3295,0.009
2025,2025-07-21,49.437,-119.752,0.025
2025,2025-07-31,53.274,-121.5213,0.2
2025,2025-08-29,49.9043,-123.1711,0.4
2025,2025-09-04,51.6903,-118.1835,0.5
2025,2025-07-30,53.3153,-123.7421,0.009
2025,2025-09-13,49.1961,-120.8254,0.6
2025,2025-08-01,49.2866,-117.8125,182.5
2025,2025-08-29,52.3743,-124.6696,8365.15
2025,2025-08-31,51.6868,-123.7862,4983.6
2025,2025-07-24,55.8769,-122.0361,0.009
2025,2025-09-09,51.8607,-120.4725,0.2
2025,2025-07-06,52.9683,-119.3421,0.01
2025,2025-07-16,54.8136,-125.4554,0.009
2025,2025-09-09,50.8798,-119.7777,0.009
2025,2025-09-18,50.7407,-116.2667,0.01
2025,2025-08-25,52.7932,-124.7107,57885.0
2025,2025-05-19,53.9707,-123.7213,0.009
2025,2025-07-02,59.3468,-123.8942,0.03
2025,2025-08-03,53.5753,-120.6555,0.009
2025,2025-07-30,53.5735,-123.3136,0.6
2025,2025-08-28,50.5609,-123.0448,0.009
2025,2025-07-30,54.7618,-125.3889,29.25
2025,2025-08-04,51.9162,-121.0726,0.54
2025,2025-08-29,51.6331,-120.5542,20.0
2025,2025-09-02,50.294,-123.5601,0.009
2025,2025-10-12,50.171,-118.4278,0.48
2025,2025-10-10,50.116,-118.4285,0.1
2025,2025-05-21,59.262,-122.9148,1.4
2025,2025-07-02,59.1307,-123.1573,0.009
2025,2025-06-08,59.5771,-124.1658,4.87
2025,2025-05-29,50.306,-115.9365,0.009
2025,2025-06-24,49.5831,-119.748,0.009
2025,2025-06-24,49.5855,-119.7912,0.009
2025,2025-06-18,50.5234,-119.6165,0.009
2025,2025-06-21,50.7205,-119.1448,0.009
2025,2025-07-02,55.3283,-120.2608,0.1
2025,2025-08-06,50.0574,-125.4023,0.009
2025,2025-08-13,51.0221,-118.2656,0.1
2025,2025-06-01,57.5005,-120.5583,8553.9
2025,2025-07-02,59.2519,-123.4033,0.009
2025,2025-07-02,59.0487,-122.9451,0.009
2025,2025-07-20,49.0192,-119.0243,0.009
2025,2025-08-29,49.8882,-123.0519,0.009
2025,2025-06-18,54.4018,-122.7765,2.0
2025,2025-07-02,53.6522,-120.3229,0.01
2025,2025-07-17,59.0866,-123.4405,0.009
2025,2025-07-16,59.2628,-123.354,0.009
2025,2025-08-04,50.8761,-119.8785,0.009
2025,2025-08-03,53.8355,-121.4568,0.009
2025,2025-06-09,56.0794,-122.3744,0.009
2025,2025-08-03,53.4343,-123.3866,0.2
2025,2025-07-31,53.2563,-120.3491,0.26
2025,2025-08-29,52.0755,-124.7668,1.1
2025,2025-09-08,49.3511,-120.2259,0.009
2025,2025-06-13,50.2101,-116.9373,0.04
2025,2025-07-02,50.0625,-117.6544,0.1
2025,2025-07-30,53.0481,-124.8928,64.77
2025,2025-08-29,50.2787,-122.8806,0.009
2025,2025-08-30,51.4916,-117.5233,0.009
2025,2025-09-02,49.7018,-120.9926,0.009
2025,2025-09-06,49.604,-119.2132,0.07
2025,2025-08-29,49.1772,-119.702,0.009
2025,2025-08-29,49.2016,-119.7347,0.98
2025,2025-08-28,49.5175,-119.8546,0.2
2025,2025-08-29,49.9517,-120.0502,0.1
2025,2025-08-28,49.5745,-119.9091,0.009
2025,2025-08-29,50.9164,-124.0267,87.0
2025,2025-06-16,55.6366,-120.8311,0.5
2025,2025-06-03,59.1545,-122.0101,0.009
2025,2025-07-02,59.0483,-123.3488,0.009
2025,2025-08-02,50.8085,-120.7663,0.009
2025,2025-08-02,50.782,-120.8363,0.009
2025,2025-07-30,50.464,-120.1313,0.1
2025,2025-07-31,53.7286,-121.067,0.009
2025,2025-07-30,53.1678,-124.4295,0.009
2025,2025-07-31,54.0207,-123.625,0.07
2025,2025-08-30,52.2538,-120.7958,0.6
2025,2025-09-06,49.0525,-120.76,4.5
2025,2025-08-02,49.3159,-118.4274,0.009
2025,2025-08-29,50.2922,-123.5967,414.6
2025,2025-07-05,52.9805,-119.0412,0.009
2025,2025-07-31,49.8161,-115.7069,0.3
2025,2025-08-29,49.7571,-123.0287,0.03
2025,2025-08-30,52.4001,-118.7269,0.12
2025,2025-07-01,50.5848,-117.0567,0.025
2025,2025-08-28,50.5596,-123.046,0.009
2025,2025-06-12,53.0778,-119.6455,0.1
2025,2025-07-31,52.1806,-123.3639,1.0
2025,2025-07-31,53.1435,-124.9532,85.0
2025,2025-08-30,51.2047,-118.242,0.009
2025,2025-08-16,54.0816,-123.3704,1.3
2025,2025-08-01,58.7401,-122.8758,0.15
2025,2025-09-08,50.7923,-118.4828,0.26
2025,2025-09-08,51.5124,-120.9467,0.009
2025,2025-07-23,54.5596,-124.8709,3.5
2025,2025-07-30,49.3692,-117.1825,0.25
2025,2025-07-31,56.3923,-127.5048,0.009
2025,2025-08-19,52.5808,-120.2728,60.8
2025,2025-05-18,57.5994,-123.761,0.0
2025,2025-06-16,49.6065,-115.1956,0.1
2025,2025-09-09,51.5223,-120.7404,0.009
2025,2025-07-30,50.8751,-120.1934,5.8
2025,2025-07-30,54.5893,-124.6245,0.93
2025,2025-08-08,49.0118,-119.1585,0.009
2025,2025-09-12,49.3831,-115.6591,0.009
2025,2025-09-07,50.0196,-125.9848,0.03
2025,2025-07-31,54.3382,-123.8287,6.23
2025,2025-07-31,53.6855,-120.9388,0.009
2025,2025-07-30,50.147,-117.421,0.009
2025,2025-08-30,50.6245,-124.9313,0.009
2025,2025-08-03,53.1957,-120.0404,0.009
2025,2025-08-01,54.286,-125.3741,0.009
2025,2025-08-30,50.0965,-115.9878,0.2
2025,2025-08-31,49.8776,-125.9312,0.009
2025,2025-08-29,49.4372,-119.8904,0.05
2025,2025-08-29,51.2395,-125.2081,0.85
2025,2025-09-03,50.7026,-124.8321,392.0
2025,2025-09-07,50.464,-124.1418,77.0
2025,2025-08-31,50.472,-120.8742,0.25
2025,2025-09-01,51.984,-120.7177,0.06
2025,2025-07-30,50.4578,-117.6304,0.009
2025,2025-08-31,50.47,-120.8721,0.3
2025,2025-08-02,56.3732,-121.3042,0.2
2025,2025-09-03,50.6763,-124.7891,3.3
2025,2025-07-31,54.8667,-125.2623,0.16
2025,2025-06-01,49.5501,-120.8718,0.1
2025,2025-08-07,49.0168,-116.3638,0.009
2025,2025-05-29,49.812,-115.6737,0.2
2025,2025-07-29,51.9185,-122.0634,0.04
2025,2025-08-07,50.1739,-118.2587,0.009
2025,2025-08-29,50.6251,-124.928,0.009
2025,2025-08-29,49.3259,-119.1355,0.41
2025,2025-08-29,52.9694,-121.3529,0.12
2025,2025-08-29,52.2515,-125.1887,0.18
2025,2025-08-31,49.3058,-117.8566,0.16
2025,2025-08-29,50.6356,-123.2478,0.09
2025,2025-07-01,50.6368,-117.4395,0.3
2025,2025-07-31,49.5767,-117.2748,0.009
2025,2025-08-26,49.1786,-119.2714,0.009
2025,2025-08-30,52.192,-120.7338,0.009
2025,2025-08-29,50.2883,-123.2278,0.2
2025,2025-08-30,51.4633,-116.9197,247.0
2025,2025-07-16,51.3605,-121.2832,0.009
2025,2025-09-01,50.3367,-120.8999,0.12
2025,2025-08-04,51.9364,-121.9339,0.1
2025,2025-07-27,49.1318,-114.4095,0.009
2025,2025-07-30,51.9615,-123.7464,7.9
2025,2025-06-17,52.1986,-121.7455,0.009
2025,2025-06-12,50.8112,-121.2287,5.63
2025,2025-06-12,51.157,-122.1102,0.009
2025,2025-06-16,49.4103,-119.8475,0.7
2025,2025-06-18,50.6057,-119.2432,0.009
2025,2025-06-11,50.372,-118.7013,8.77
2025,2025-06-11,50.9561,-119.4816,0.009
2025,2025-06-20,59.734,-133.6551,0.1
2025,0915-12-26,49.5737,-118.8819,0.02
2025,2025-09-07,49.285,-117.7885,0.01
2025,2025-09-05,49.7834,-125.6369,0.3
2025,2025-09-03,49.3006,-118.5802,2.0
2025,2025-07-21,49.3073,-122.3696,0.1
2025,2025-08-31,52.5221,-125.9862,0.009
2025,2025-08-28,50.5075,-123.0984,0.009
2025,2025-09-03,49.1418,-117.8644,0.1
2025,2025-08-29,51.7574,-121.2374,0.2
2025,2025-08-19,56.732,-122.1011,0.5
2025,2025-09-06,50.2801,-123.3544,0.009
2025,2025-08-08,56.8532,-120.7593,0.6
2025,2025-08-02,53.4181,-123.1391,0.009
2025,2025-07-31,53.4215,-120.9115,0.2
2025,2025-08-09,49.3349,-115.7483,0.1
2025,2025-04-07,51.0189,-119.7479,0.009
2025,2025-07-30,54.6353,-124.6592,0.009
2025,2025-09-07,50.5586,-120.9717,0.34
2025,2025-08-06,51.785,-121.4174,0.009
2025,2025-08-03,52.2219,-120.1835,0.009
2025,2025-05-22,59.3743,-120.0329,94057.22
2025,2025-08-20,54.9452,-122.6485,0.2
2025,2025-08-13,52.6179,-120.155,0.1
2025,2025-06-12,49.2848,-115.239,0.009
2025,2025-07-02,59.2422,-123.5808,0.002
2025,2025-08-30,50.5949,-123.4131,0.009
2025,2025-07-31,54.4563,-122.8819,0.2
2025,2025-07-30,50.4511,-117.6268,0.1
2025,2025-08-18,51.8914,-122.0014,0.5
2025,2025-08-31,52.0217,-124.3164,0.009
2025,2025-08-30,52.1422,-124.3458,11.0
2025,2025-08-31,51.9903,-124.7362,0.9
2025,2025-08-31,51.9376,-123.8153,18.78
2025,2025-08-31,51.9627,-123.9657,0.1
2025,2025-09-02,51.4487,-124.1405,0.009
2025,2025-08-30,51.5307,-125.0643,248.0
2025,2025-07-31,53.7623,-120.9253,0.2
2025,2025-08-12,51.5459,-119.7073,0.009
2025,2025-08-12,51.6591,-119.639,0.009
2025,2025-06-01,56.479,-120.2635,4206.9
2025,2025-09-09,52.8937,-121.2199,0.19
2025,2025-09-07,49.4379,-118.43,0.009
2025,2025-07-03,49.2826,-116.8948,0.41
2025,2025-09-08,51.8782,-120.2115,5.68
2025,2025-07-03,49.2543,-118.122,2.96
2025,2025-08-05,50.9705,-119.0309,0.009
2025,2025-08-03,58.7063,-122.7588,0.3
2025,2025-09-22,57.9938,-120.5482,0.2
2025,2025-08-02,51.8274,-121.8099,0.009
2025,2025-07-26,52.6516,-124.4423,0.1
2025,2025-06-12,49.5287,-115.8642,0.25
2025,2025-06-21,53.5841,-122.8332,1.3
2025,2025-07-20,51.3813,-121.785,0.009
2025,2025-08-12,56.1017,-120.397,0.009
2025,2025-09-11,51.9792,-121.3309,0.05
2025,2025-09-07,49.0347,-118.333,0.01
2025,2025-09-08,51.3333,-121.2905,0.009
2025,2025-06-14,51.9885,-124.4969,2258.0
2025,2025-09-10,49.1813,-117.6818,0.1
2025,2025-06-24,52.2661,-118.5031,366.72
2025,2025-07-02,59.5482,-124.0857,239.17
2025,2025-08-02,50.8459,-120.6441,0.3
2025,2025-07-31,49.569,-117.583,0.009
2025,2025-08-31,50.5793,-120.8643,0.009
2025,2025-08-12,51.4731,-120.1826,0.04
2025,2025-09-01,50.9196,-124.3906,16.0
2025,2025-07-16,54.5189,-124.3765,0.3
2025,2025-06-12,49.5274,-115.8627,0.009
2025,2025-07-02,52.4894,-119.7711,8.0
2025,2025-07-02,49.952,-118.1693,0.02
2025,2025-06-18,51.1222,-118.3385,0.01
2025,2025-09-02,52.4402,-121.3572,0.24
2025,2025-06-22,50.7358,-120.1872,0.009
2025,2025-07-27,54.507,-125.4125,0.6
2025,2025-08-02,58.2557,-128.7023,0.009
2025,2025-08-01,49.3674,-119.0627,5.3
2025,2025-07-31,53.7405,-121.1465,0.009
2025,2025-09-09,50.5025,-117.7663,0.4
2025,2025-08-29,51.3481,-120.5605,0.009
2025,2025-08-29,52.173,-120.7441,0.009
2025,2025-08-29,52.1778,-120.7352,0.1
2025,2025-08-28,50.3723,-124.6193,2.1
2025,2025-05-17,49.4513,-120.6029,0.5
2025,2025-07-30,50.7044,-117.8521,0.01
2025,2025-07-30,50.487,-117.6449,0.009
2025,2025-06-01,57.9937,-120.3887,3103.6
2025,2025-08-07,49.8483,-118.6122,0.4
2025,2025-07-16,54.7021,-124.5741,0.009
2025,2025-07-21,50.6523,-121.4169,0.5
2025,2025-06-02,59.1681,-120.0637,11045.47
2025,2025-06-01,59.7024,-124.0924,3467.68
2025,2025-05-31,58.3356,-121.3631,102.7
2025,2025-07-31,53.6806,-120.9457,0.009
2025,2025-08-06,51.8819,-121.643,0.009
2025,2025-08-06,51.7961,-121.8012,0.11
2025,2025-06-12,49.5317,-115.8658,0.009
2025,2025-08-01,49.0396,-117.0156,0.1
2025,2025-07-31,55.6521,-120.3604,0.05
2025,2025-09-01,51.8892,-121.2145,0.005
2025,2025-08-06,51.9129,-121.998,0.09
2025,2025-05-27,53.0834,-121.3735,0.3
2025,2025-07-31,54.5916,-122.6996,0.2
2025,2025-07-31,53.4713,-122.7114,0.1
2025,2025-06-23,53.9572,-123.7274,0.3
2025,2025-07-31,53.7445,-124.9353,0.77
2025,2025-05-18,59.5254,-120.8931,1762.5
2025,2025-08-06,54.4309,-122.1878,0.009
2025,2025-07-30,50.4875,-117.6355,0.009
2025,2025-07-30,50.2562,-117.5411,0.1
2025,2025-06-14,51.2821,-121.495,1.0
2025,2025-08-27,52.639,-125.5776,13992.7
2025,2025-08-28,51.9277,-125.0655,540.74
2025,2025-07-01,54.7985,-120.1733,0.37
2025,2025-08-30,49.4988,-117.4548,0.009
2025,2025-08-27,51.7669,-118.3458,0.009
2025,2025-08-02,54.7906,-122.7875,0.3
2025,2025-07-31,53.6778,-120.9749,0.009
2025,2025-07-30,50.3406,-117.5668,0.1
2025,2025-09-07,49.8646,-116.7708,10.9
2025,2025-06-12,49.0598,-115.1197,0.6
2025,2025-07-16,54.7421,-124.3499,0.009
2025,2025-07-30,54.6756,-125.2608,0.009
2025,2025-08-02,53.6715,-120.6911,0.45
2025,2025-08-28,50.2943,-122.8993,0.009
2025,2025-08-29,50.2651,-122.9504,0.009
2025,2025-06-30,51.6352,-122.1567,0.76
2025,2025-07-31,49.6472,-117.126,0.009
2025,2025-07-30,52.4486,-121.9946,0.009
2025,2025-06-16,52.2803,-124.6894,0.61
2025,2025-09-01,49.2797,-117.8696,0.0
2025,2025-08-31,52.5195,-125.9748,5400.0
2025,2025-08-04,54.055,-125.2084,7.0
2025,2025-06-11,49.0916,-116.6506,0.01
2025,2025-05-28,58.8946,-127.2444,13517.0
2025,2025-08-02,52.3332,-122.346,0.04
2025,2025-08-02,52.0273,-122.1653,0.005
2025,2025-08-27,53.0181,-125.1441,0.5
2025,2025-09-01,49.12,-124.2515,0.04
2025,2025-08-01,54.2168,-123.9909,0.009
2025,2025-09-04,49.9148,-125.9965,0.009
2025,2025-06-20,52.5793,-121.4112,0.009
2025,2025-08-06,52.7347,-120.9095,0.009
2025,2025-08-03,49.2605,-117.7439,0.009
2025,2025-08-04,49.4927,-117.455,0.06
2025,2025-08-03,50.3186,-117.7831,0.009
2025,2025-08-13,50.2593,-117.9055,0.009
2025,2025-07-30,50.3244,-117.7995,102.6
2025,2025-08-19,52.6834,-121.0172,0.009
2025,2025-08-28,50.2236,-122.3712,0.009
2025,2025-08-28,50.2874,-122.8058,0.009
2025,2025-06-19,52.4132,-120.7494,0.009
2025,2025-07-31,53.6402,-124.2645,0.009
2025,2025-08-03,49.7097,-116.7148,0.009
2025,2025-08-31,51.6223,-123.9049,0.009
2025,2025-08-28,50.547,-123.0512,0.009
2025,2025-08-31,50.0645,-122.6506,0.075
2025,2025-09-09,49.6524,-115.199,0.009
2025,2025-07-31,52.1673,-123.3532,0.001
2025,2025-07-31,51.3291,-116.9696,0.03
2025,2025-07-31,49.3596,-117.879,0.009
2025,2025-08-10,51.6966,-121.9891,245.7
2025,2025-08-02,49.3835,-120.8458,0.62
2025,2025-09-01,49.7073,-120.5488,0.1
2025,2025-08-08,52.0403,-122.164,0.3
2025,2025-08-02,52.0682,-121.6917,0.1
2025,2025-08-31,49.8996,-125.8809,0.009
2025,2025-07-31,49.3726,-118.8939,0.01
2025,2025-05-30,49.9291,-115.7493,0.4
2025,2025-06-11,49.0895,-119.6104,0.03
2025,2025-07-01,52.8424,-120.7715,0.2
2025,2025-06-08,49.9401,-117.4336,0.01
2025,2025-08-29,49.6076,-121.0243,0.009
2025,2025-09-07,49.7323,-118.7882,0.009
2025,2025-06-18,50.64,-117.9721,0.009
2025,2025-06-12,50.1649,-117.6949,0.009
2025,1499-12-23,50.1551,-125.1456,0.009
2025,2025-08-30,49.128,-115.1485,13.7
2025,2025-08-30,49.5325,-118.378,0.2
2025,2025-09-08,49.0804,-118.8275,1.4
2025,2025-10-14,51.3498,-122.3087,0.009
2025,2025-08-02,51.7784,-121.9268,0.009
2025,2025-08-03,49.0395,-115.0412,0.009
2025,2025-06-16,52.1277,-122.552,0.4
2025,2025-09-07,49.3283,-117.0911,0.015
2025,2025-07-14,49.0596,-116.7301,0.009
2025,2025-08-03,52.1603,-121.6284,0.009
2025,2025-08-03,50.3115,-117.7856,0.8
2025,2025-08-01,52.5498,-122.7079,0.25
2025,2025-08-29,52.3973,-121.0012,0.02
2025,2025-07-30,52.4142,-122.3807,0.3
2025,2025-07-31,52.5791,-122.9098,0.43
2025,2025-08-11,50.026,-124.6894,0.09
2025,2025-08-27,50.3333,-123.128,0.009
2025,2025-08-29,51.653,-120.5932,46.6
2025,2025-08-27,49.9763,-122.911,0.009
2025,2025-09-21,52.3768,-122.0432,0.3
2025,2025-09-11,49.3115,-116.4787,0.01
2025,2025-08-29,50.246,-122.9433,6.6
2025,2025-09-21,58.0631,-121.5764,9.7
2025,2025-06-15,51.9684,-122.1775,0.009
2025,2025-06-16,51.7692,-121.9635,0.1
2025,2025-06-16,51.7923,-121.9793,0.009
2025,2025-06-13,49.0039,-116.8628,0.2
2025,2025-07-31,53.2422,-121.5406,0.06
2025,2025-08-27,50.2403,-123.3052,0.009
2025,2025-08-06,50.0535,-123.9968,0.009
2025,2025-08-07,50.1108,-123.9144,0.3
2025,2025-08-30,50.7776,-124.4191,15.0
2025,2025-09-01,50.2666,-124.4251,0.009
2025,2025-08-04,49.7494,-117.7574,0.022
2025,2025-07-30,54.4392,-126.4627,0.03
2025,2025-04-23,59.7087,-124.0979,0.009
2025,2025-05-26,59.2478,-121.7532,17.0
2025,2023-05-01,59.344,-122.1785,280461.0
2025,2025-05-26,58.4746,-120.553,76.6
2025,2025-03-31,58.2347,-121.6738,118.26
2025,2025-05-28,58.3728,-120.7117,1660.84
2025,2025-03-31,58.383,-120.7397,49.35
2025,2025-05-09,59.3754,-122.9067,0.2
2025,2025-05-27,59.1991,-122.9329,0.2
2025,2025-05-26,59.2446,-120.4087,163.02
2025,2025-05-15,58.8093,-121.8483,1.7
2025,2025-06-06,59.0003,-122.4858,0.009
2025,2025-05-27,59.1598,-120.4276,0.01
2025,2025-05-27,59.38,-120.428,0.0
2025,2025-05-21,59.323,-122.1243,0.0
2025,2025-06-30,59.1147,-122.3859,1.8
2025,2024-04-01,59.2715,-122.2835,0.0
2025,2025-04-01,59.2901,-120.1144,0.0
2025,2025-04-01,59.3663,-120.4686,0.0
2025,2025-05-31,59.1984,-122.9742,0.42
2025,2025-05-27,58.4176,-121.1458,4138.3
2025,2025-03-31,58.3839,-120.8721,152.08
2025,2025-04-01,59.8764,-121.9447,0.0
2025,2024-05-01,59.4658,-123.1238,17.09
2025,2025-06-01,59.3046,-122.0347,0.0
2025,2024-05-01,59.4235,-122.8976,38.18
2025,2025-04-01,59.3125,-122.3037,0.0
2025,2025-05-28,58.2515,-121.8555,12444.61
2025,2025-05-27,58.0248,-121.6888,1885.4
2025,2024-04-01,59.31,-120.42,0.0
2025,2025-04-01,59.6552,-121.7276,0.0
2025,2025-08-30,49.4992,-118.4732,1.6
2025,2025-07-02,49.9098,-117.373,0.01
2025,2025-08-31,50.1207,-123.3485,0.88
2025,2025-09-01,52.6007,-125.5638,3.0
2025,2025-08-01,49.0998,-118.862,3.6
2025,2025-08-31,52.4642,-124.7991,0.1
2025,2025-08-30,49.0534,-124.3278,2.57
2025,2025-10-19,49.7927,-126.415,0.009
2025,2025-08-30,49.7794,-126.1731,0.009
2025,2025-06-14,52.0663,-121.8186,0.009
2025,2025-06-14,52.113,-122.2399,0.3
2025,2025-08-04,51.989,-121.6284,0.6
2025,2025-08-04,51.7745,-121.9011,0.009
2025,2025-08-10,51.9192,-121.8253,2.0
2025,2025-08-23,52.4373,-122.1191,0.3
2025,2025-06-12,51.2018,-122.1136,0.1
2025,2025-08-06,52.6376,-122.4796,0.009
2025,2025-08-27,49.8735,-123.0528,0.2
2025,2025-07-31,52.7714,-124.704,190.0
2025,2025-07-31,53.1071,-121.4157,0.009
2025,2025-05-29,49.6383,-119.8063,0.009
2025,2025-05-25,49.5969,-120.4485,0.009
2025,2025-05-19,57.4485,-123.1818,149504.8
2025,2025-06-15,51.2782,-121.4865,0.37
2025,2025-06-20,52.5575,-121.3535,0.009
2025,2025-06-08,51.0336,-116.299,2.65
2025,2025-07-16,50.9095,-118.7461,0.01
2025,2025-07-30,53.311,-123.7048,0.87
2025,2025-07-31,53.3503,-123.9761,0.009
2025,2025-08-11,49.1943,-116.5048,0.04
2025,2025-07-30,50.5717,-119.4772,0.009
2025,2025-08-06,49.4574,-119.3544,0.009
2025,2025-08-04,49.3018,-117.6802,0.009
2025,2025-07-04,49.7049,-117.383,0.55
2025,2025-08-02,52.3497,-122.0484,0.3
2025,2025-08-27,50.7211,-116.7104,490.0
2025,2025-07-23,49.3114,-121.9719,0.7
2025,2025-08-31,49.2425,-120.9762,1651.0
2025,2025-07-30,54.1623,-125.1832,0.009
2025,2025-08-29,49.2903,-119.1226,0.3
2025,2025-07-31,55.051,-121.896,0.01
2025,2025-09-02,49.6389,-122.6554,0.7
2025,2025-08-01,52.5693,-123.005,0.009
2025,2025-07-30,49.2285,-118.7647,0.1
2025,2025-08-02,49.1967,-117.829,0.07
2025,2025-06-25,49.6218,-117.0781,0.01
2025,2025-08-29,49.3057,-117.0252,0.0
2025,2025-09-17,55.1328,-120.3883,0.009
2025,2025-08-28,50.1846,-116.1419,0.5
2025,2025-08-27,49.0794,-121.1788,625.0
2025,2025-09-11,49.2631,-121.3733,4.0
2025,2025-07-22,49.9629,-121.4763,0.009
2025,2025-07-31,54.4458,-123.8864,0.01
2025,2025-07-30,54.5878,-125.0113,0.5
2025,2025-07-31,54.3096,-122.7815,0.009
2025,2025-08-15,51.9526,-121.9604,0.009
2025,2025-07-31,52.5954,-122.882,8.6
2025,2025-07-31,49.122,-119.0667,0.19
2025,2025-08-29,50.2548,-122.5585,530.0
2025,2025-08-11,53.4115,-124.0199,0.3
2025,2025-07-31,53.3106,-123.743,7.2
2025,2025-09-07,49.2796,-117.7977,0.01
2025,2025-08-28,53.0205,-125.1022,0.009
2025,2025-09-03,49.1001,-116.776,0.1
2025,2025-06-18,56.5311,-128.1746,0.009
2025,2025-08-29,50.2786,-122.7938,0.06
2025,2025-09-01,52.4089,-122.4334,0.009
2025,2025-08-02,51.6628,-122.0725,0.18
2025,2025-07-19,49.0244,-117.918,0.04
2025,2025-08-31,49.7666,-120.7305,0.009
2025,2025-08-29,51.9966,-118.5585,0.04
2025,2025-08-27,50.2628,-123.3231,0.06
2025,2025-08-30,49.8405,-125.6056,0.009
2025,2025-08-29,49.3085,-116.9851,773.0
2025,2025-07-31,49.0948,-118.7732,0.009
2025,2025-08-29,49.7801,-120.8517,0.2
2025,2025-08-29,49.669,-120.9045,0.009
2025,2025-09-08,49.6374,-115.0914,0.1
2025,2025-08-27,50.3301,-123.0866,5.0
2025,2025-08-29,50.2961,-122.9348,64.0
2025,2025-08-31,49.8159,-126.2379,0.009
2025,2025-06-11,51.2091,-118.2513,0.6
2025,2025-09-13,49.3802,-115.382,0.009
2025,2025-08-29,50.1991,-122.9728,0.25
2025,2025-08-01,49.0228,-118.8168,0.6
2025,2025-07-31,49.2897,-118.901,0.1
2025,2025-08-05,51.9446,-121.9715,0.04
2025,2025-08-02,52.4708,-121.3579,0.009
2025,2025-08-01,49.0531,-118.603,0.1
2025,2025-07-30,50.7144,-117.6739,0.23
2025,2025-07-31,49.3888,-117.2483,0.009
2025,2025-08-29,49.5831,-119.9333,0.3
2025,2025-09-07,49.4187,-120.3477,0.01
2025,2025-09-07,49.3462,-120.3077,0.3
2025,2025-08-30,53.0433,-121.671,2.1
2025,2025-09-09,50.5617,-118.3616,0.009
2025,2025-05-29,50.3278,-118.154,1.6
2025,2025-08-31,49.6773,-117.5771,0.3
2025,2025-08-29,50.2732,-122.8578,0.009
2025,2025-08-01,49.3195,-118.642,0.22
2025,2025-09-04,50.2803,-122.6849,0.04
2025,2025-07-14,49.835,-122.267,7.28
2025,2025-07-30,52.5529,-122.7253,0.6
2025,2025-08-29,49.7804,-120.712,0.009
2025,2025-08-30,52.1685,-123.8451,2.79
2025,2025-09-07,50.4675,-122.9907,0.009
2025,2025-08-29,49.2898,-119.0551,0.2
2025,2025-06-11,50.0882,-117.5119,0.009
2025,2025-07-21,50.3712,-122.7805,0.009
2025,2025-05-18,55.178,-120.2754,26195.3
2025,2025-08-02,49.7448,-116.9833,0.009
2025,2025-07-30,49.0367,-121.1509,0.14
2025,2025-08-30,49.7465,-120.936,0.009
2025,2025-06-18,59.0055,-127.9353,1.11
2025,2025-07-02,50.6496,-117.425,1.0
2025,2025-07-30,53.0278,-123.5071,0.85
2025,2025-08-09,52.0575,-121.4484,0.18
2025,2025-08-29,52.4818,-121.3833,0.009
2025,2024-04-01,59.3052,-122.0548,0.0
2025,2025-04-01,58.8159,-121.8289,8.9
2025,2025-04-01,58.8166,-121.7912,9.92
2025,2025-04-01,59.741,-121.577,0.0
2025,2025-05-02,59.3444,-122.1704,0.0
2025,2025-05-27,58.2558,-121.5936,27.9
2025,2025-05-27,58.764,-120.9158,772.0
2025,2025-03-31,58.1662,-120.312,30.1
2025,2025-03-31,58.1531,-120.3764,8.6
2025,2023-05-01,58.7607,-121.2344,7.18
2025,2025-05-01,59.2334,-122.8718,67.97
2025,2025-06-05,58.7221,-121.1703,137.95
2025,2025-05-28,58.3317,-120.2428,135.57
2025,2025-05-11,59.0531,-121.5954,4.0
2025,2025-06-05,58.408,-120.825,0.2
2025,2025-05-27,59.6301,-120.7777,2.217
2025,2025-03-31,58.1281,-121.5741,0.009
2025,2024-05-01,59.3912,-122.8261,3.32
2025,2025-05-02,59.1351,-122.6396,3427.73
2025,2025-04-01,59.2946,-122.2693,0.0
2025,2025-05-27,57.6493,-122.4888,1.0
2025,2025-05-03,59.4876,-123.1884,3.2
2025,2025-05-11,58.3694,-121.011,7583.6
2025,2025-04-01,59.0517,-121.2683,57.4
2025,2025-04-24,59.7717,-123.9934,0.01
2025,2025-04-01,59.3247,-122.1272,0.0
2025,2024-05-01,59.3569,-122.8838,0.0
2025,2024-05-01,59.0185,-122.4546,7.35
2025,2024-04-01,59.2382,-122.1838,0.0
2025,2025-05-25,59.4315,-121.4563,2095.0
2025,2025-07-21,49.205,-122.1628,0.1
2025,2025-06-30,50.7828,-119.7115,33.4
2025,2025-10-04,49.8856,-120.4632,0.009
2025,2025-07-11,49.1431,-120.5044,3135.2
2025,2025-10-04,49.6376,-116.981,0.009
2025,2025-09-19,49.6178,-117.0762,0.009
2025,2025-08-01,51.7999,-121.4476,0.075
2025,2025-10-18,49.1259,-119.2399,0.3
2025,2025-09-28,49.2267,-115.1165,0.1
2025,2025-09-12,49.4662,-119.4867,0.078
2025,2025-07-18,50.4895,-119.6225,0.67
2025,2025-07-31,49.2796,-122.665,0.15
2025,2025-09-18,50.2297,-119.4094,1.42
2025,2025-10-13,50.2404,-119.1347,7.7
2025,2025-06-09,49.5542,-116.7903,0.009
2025,2025-06-10,49.5957,-116.7967,1.55
2025,2025-04-22,50.149,-121.0193,0.009
2025,2025-08-17,50.2088,-119.31,103.0
2025,2025-09-25,49.7558,-119.8251,383.0
2025,2025-07-11,49.4538,-120.4554,21.7
2025,2025-09-25,50.5569,-116.0833,0.009
2025,2025-07-02,50.1997,-119.1747,0.08
2025,2025-07-01,50.5511,-120.0981,0.009
2025,2025-07-11,49.1386,-120.2881,67.0
2025,2025-05-11,59.6547,-126.9197,0.5
2025,2025-07-12,49.6961,-125.0031,0.009
2025,2025-09-06,50.2656,-119.2922,0.1
2025,2025-09-06,50.4178,-115.8631,0.1
2025,2025-08-25,49.4956,-119.5401,0.85
2025,2025-07-14,49.9841,-125.444,0.3
2025,2025-04-23,49.4668,-117.4187,0.009
2025,2026-02-07,50.7828,-119.2813,0.009
2025,2025-07-30,49.2951,-124.605,588.0
2025,2025-09-10,49.4895,-115.8724,0.009
2025,2025-07-16,50.2516,-118.7194,0.009
2025,2025-07-31,49.8982,-125.2759,0.009
2025,2025-08-24,49.1081,-124.0302,8.6
2025,2025-06-16,50.2284,-122.9282,0.009
2025,2025-04-14,54.6182,-126.901,0.4
2025,2025-04-24,50.0402,-119.4049,0.009
2025,2025-06-15,50.4361,-118.493,0.09
2025,2025-07-12,49.092,-118.4856,8.4
2025,2025-09-09,50.2667,-120.4227,17.4
2025,2025-07-30,55.2524,-127.7221,12.7
2025,2025-06-30,50.2362,-121.5907,5.73
2025,2025-05-29,49.9686,-115.74,8.65
2025,2025-08-28,49.7097,-121.0401,2904.3
2025,2025-06-18,49.3884,-124.6507,0.41
2025,2025-09-08,50.5198,-121.7013,0.3
2025,2025-06-11,50.579,-118.8325,0.28
2025,2025-06-19,52.0803,-122.0017,0.009
2025,2025-08-05,49.4443,-117.4761,0.009
2025,2025-09-19,49.877,-115.8251,0.009
2025,2025-07-09,50.6815,-117.9683,0.009
2025,2025-10-14,49.9357,-116.906,0.009
2025,2025-04-24,49.4416,-117.2685,0.4
2025,2025-07-08,50.0763,-120.77,0.3
2025,2025-04-17,49.4318,-117.5399,0.25
2025,2025-06-10,51.9544,-118.0155,0.2
2025,2025-04-16,51.5977,-121.0664,34.96
2025,2025-07-01,50.6464,-117.4396,1.08
2025,2025-08-03,54.9842,-128.3553,1.91
2025,2025-06-20,50.5536,-119.3404,0.009
2025,2025-04-10,51.163,-121.9503,0.009
2025,2025-08-02,49.5547,-120.7293,0.009
2025,2025-05-28,58.7368,-124.5919,80842.15
2025,2026-03-12,50.111,-124.6995,0.009
2025,2026-03-18,51.606,-122.2335,7.5
2025,2025-04-05,55.6263,-128.1188,1.54
2025,2026-03-16,50.5273,-122.4817,0.1
2025,2025-09-05,55.4997,-127.8085,0.009
2025,2025-10-16,55.0299,-126.8269,0.04
2025,2025-08-29,52.432,-120.7902,700.0
2025,2026-03-03,51.2777,-121.6073,0.95
2025,2025-06-19,59.1218,-128.5623,835.78
2025,2025-06-08,55.2447,-127.6529,0.009
2025,2025-09-01,59.9581,-127.9106,0.009
2025,2026-03-23,51.335,-122.314,28.0
2025,2025-06-20,59.81,-133.7375,2037.0
2025,2025-04-05,55.5685,-127.8994,3.23
